ISO3,Countries and areas,Region,Sub-region,Income Group,Total,Residence,,Wealth quintile,,Source,
,,,UNICEF Sub-region 1,,,Rural,Urban,Poorest,Richest,Data source,Time period
AGO,Angola,SSA,ESA,Lower middle income (LM),15%,2%,22%,0%,61%,Demographic and Health Survey,2015-16
ARG,Argentina,LAC,LAC,Upper middle income (UM),39%,,,,,Multiple Indicator Cluster Survey,2011-12
ARM,Armenia,ECA,EECA,Upper middle income (UM),81%,69%,89%,46%,99%,Demographic and Health Survey,2015-16
BGD,Bangladesh,SA,SA,Lower middle income (LM),34%,30%,49%,7%,75%,Multiple Indicator Cluster Survey,2019
BRB,Barbados,LAC,LAC,High income (H),63%,54%,68%,9%,97%,Multiple Indicator Cluster Survey,2012
BEN,Benin,SSA,WCA,Low income (L),3%,1%,6%,0%,14%,Demographic and Health Survey,2017-18
BOL,Bolivia (Plurinational State of),LAC,LAC,Lower middle income (LM),11%,4%,15%,,,EDSA,2016
BIH,Bosnia and Herzegovina,ECA,EECA,Upper middle income (UM),51%,43%,68%,3%,95%,Multiple Indicator Cluster Survey,2011-12
BRA,Brazil,LAC,LAC,Upper middle income (UM),82%,49%,88%,86%,100%,"Brazil Continuous National Household Sample Survey (Continuous PNAD) 2018, IBGE.",2018
BGR,Bulgaria,ECA,EECA,Upper middle income (UM),73%,65%,77%,24%,98%,Bulgarian Longitudinal Inclusive Society Survey (BLISS) 2013,2013
BFA,Burkina Faso,SSA,WCA,Low income (L),1%,1%,3%,1%,4%,Demographic and Health Survey,2010
CMR,Cameroon,SSA,WCA,Lower middle income (LM),4%,0%,9%,0%,22%,Multiple Indicator Cluster Survey,2014
CAF,Central African Republic,SSA,WCA,Low income (L),3%,1%,8%,0%,15%,Multiple Indicator Cluster Survey,2018-19
TCD,Chad,SSA,WCA,Low income (L),2%,1%,8%,0%,9%,Multiple Indicator Cluster Survey,2019
CHL,Chile,LAC,LAC,High income (H),86%,69%,88%,71%,99%,CASEN,2017
CHN,China,EAP,EAP,Upper middle income (UM),62%,53%,91%,,,CHARLS 2018,2018
COL,Colombia,LAC,LAC,Upper middle income (UM),33%,4%,45%,1%,98%,Demographic and Health Survey,2015-16
CRI,Costa Rica,LAC,LAC,Upper middle income (UM),70%,61%,74%,44%,99%,Multiple Indicator Cluster Survey,2018
CIV,Côte d'Ivoire,SSA,WCA,Lower middle income (LM),2%,0%,5%,0%,13%,Multiple Indicator Cluster Survey,2016
CUB,Cuba,LAC,LAC,Upper middle income (UM),5%,2%,6%,16%,0%,Multiple Indicator Cluster Survey,2019
COD,Democratic Republic of the Congo,SSA,WCA,Low income (L),1%,0%,2%,0%,3%,Multiple Indicator Cluster Survey,2017-18
DJI,Djibouti,SSA,ESA,Lower middle income (LM),4%,1%,8%,1%,32%,Enquête Djiboutienne Auprès des Ménages pour les Indicateurs Sociaux 2012 - Données pour utilisation publique,2012
DOM,Dominican Republic,LAC,LAC,Upper middle income (UM),24%,9%,29%,0%,78%,Multiple Indicator Cluster Survey,2014
ECU,Ecuador,LAC,LAC,Upper middle income (UM),40%,19%,50%,,,ENSANUT,2018
EGY,Egypt,MENA,MENA,Lower middle income (LM),16%,9%,27%,,,"2015 Household Income, Expenditure and Consumption Survey",2015
GMB,Gambia,SSA,WCA,Low income (L),64%,46%,74%,25%,93%,Multiple Indicator Cluster Survey,2018
GEO,Georgia,ECA,EECA,Upper middle income (UM),84%,70%,93%,46%,99%,Multiple Indicator Cluster Survey,2018
GHA,Ghana,SSA,WCA,Lower middle income (LM),16%,10%,25%,2%,52%,Multiple Indicator Cluster Survey,2017-18
GTM,Guatemala,LAC,LAC,Upper middle income (UM),8%,2%,16%,0%,43%,Demographic and Health Survey,2014-15
GNB,Guinea-Bissau,SSA,WCA,Low income (L),2%,1%,4%,0%,5%,Multiple Indicator Cluster Survey,2018-19
HTI,Haiti,LAC,LAC,Low income (L),18%,10%,33%,0%,60%,Demographic and Health Survey,2016-17
IND,India,SA,SA,Lower middle income (LM),7%,4%,14%,0%,33%,Demographic and Health Survey,2015-16
IDN,Indonesia,EAP,EAP,Lower middle income (LM),17%,9%,24%,5%,44%,SUSENAS,2019
IRQ,Iraq,MENA,MENA,Upper middle income (UM),46%,33%,53%,14%,83%,Multiple Indicator Cluster Survey,2018
ITA,Italy,ECA,WE,High income (H),63%,,,,,Multiscopo sulle famiglie: aspetti della vita quotidiana,2018
JPN,Japan,EAP,EAP,High income (H),75%,81%,74%,62%,85%,The Japan Household Panel Survey,2018
JOR,Jordan,MENA,MENA,Upper middle income (UM),36%,33%,36%,23%,72%,Demographic and Health Survey,2017-18
KEN,Kenya,SSA,ESA,Lower middle income (LM),30%,,22%,,,STEP Skills Measurement Household Survey 2013 (Wave 2),2013
KIR,Kiribati,EAP,EAP,Lower middle income (LM),50%,32%,66%,12%,86%,Multiple Indicator Cluster Survey,2018-19
KGZ,Kyrgyzstan,ECA,EECA,Lower middle income (LM),72%,69%,81%,53%,89%,Multiple Indicator Cluster Survey,2018
LAO,Lao People's Democratic Republic,EAP,EAP,Lower middle income (LM),1%,1%,4%,0%,5%,Multiple Indicator Cluster Survey,2017
LSO,Lesotho,SSA,ESA,Lower middle income (LM),30%,21%,50%,5%,68%,Multiple Indicator Cluster Survey,2018
MDG,Madagascar,SSA,ESA,Low income (L),9%,5%,24%,0%,44%,Multiple Indicator Cluster Survey,2018
MDV,Maldives,SA,SA,Upper middle income (UM),70%,68%,74%,49%,94%,Demographic and Health Survey,2016-17
MLI,Mali,SSA,WCA,Low income (L),5%,3%,13%,0%,21%,Multiple Indicator Cluster Survey,2015
MRT,Mauritania,SSA,WCA,Lower middle income (LM),3%,1%,6%,0%,11%,Multiple Indicator Cluster Survey,2015
MEX,Mexico,LAC,LAC,Upper middle income (UM),37%,10%,47%,,,ENSANUT,2018
MNG,Mongolia,EAP,EAP,Lower middle income (LM),37%,13%,50%,2%,94%,Multiple Indicator Cluster Survey,2018
MNE,Montenegro,ECA,EECA,Upper middle income (UM),80%,71%,84%,43%,100%,Multiple Indicator Cluster Survey,2018-19
MAR,Morocco,MENA,MENA,Lower middle income (LM),16%,11%,20%,,,Morocco Household and Youth Survey 2010,2010
NAM,Namibia,SSA,ESA,Upper middle income (UM),6%,1%,14%,0%,32%,Demographic and Health Survey,2013
NPL,Nepal,SA,SA,Low income (L),46%,31%,54%,15%,85%,Multiple Indicator Cluster Survey,2076
NIC,Nicaragua,LAC,LAC,Lower middle income (LM),4%,,,,,Nicaragua National Demographic and Health Survey 2011-2012,2011-12
NER,Niger,SSA,WCA,Low income (L),2%,,,,,"National Survey on Household Living Conditions and Agriculture 2014, Wave 2 Panel Data",2014-15
NGA,Nigeria,SSA,WCA,Lower middle income (LM),3%,,,,,"General Household Survey, Panel 2018-2019, Wave 4",2018-2019
PAK,Pakistan,SA,SA,Lower middle income (LM),8%,4%,18%,0%,45%,Demographic and Health Survey,2017
PAN,Panama,LAC,LAC,High income (H),27%,8%,40%,2%,95%,Multiple Indicator Cluster Survey,2013
PER,Peru,LAC,LAC,Upper middle income (UM),25%,1%,33%,,,ENDES,2019
RUS,Russian Federation,ECA,EECA,Upper middle income (UM),88%,82%,90%,88%,,"Russia Longitudinal Monitoring Survey, 2018",2018
LCA,Saint Lucia,LAC,LAC,Upper middle income (UM),44%,44%,47%,12%,,Multiple Indicator Cluster Survey,2012
STP,Sao Tome and Principe,SSA,WCA,Lower middle income (LM),44%,37%,47%,18%,75%,Multiple Indicator Cluster Survey,2019
SEN,Senegal,SSA,WCA,Lower middle income (LM),5%,2%,9%,1%,20%,Demographic and Health Survey,2017
SRB,Serbia,ECA,EECA,Upper middle income (UM),95%,94%,96%,71%,100%,Multiple Indicator Cluster Survey,2019
SLE,Sierra Leone,SSA,WCA,Low income (L),12%,3%,24%,0%,38%,Multiple Indicator Cluster Survey,2017
SOM,Somalia,SSA,ESA,Low income (L),12%,,,,,Somalia High Frequency Survey,2017-18
ZAF,South Africa,SSA,ESA,Upper middle income (UM),18%,,,,,South Africa Living Conditions Survey 2014-15,2014-15
SSD,South Sudan,SSA,ESA,Low income (L),0%,0%,1%,0%,2%,Multiple Indicator Cluster Survey,2010
LKA,Sri Lanka,SA,SA,Upper middle income (UM),67%,64%,85%,70%,99%,STEP Skills Measurement Household Survey 2012 (Wave 1),2012
SDN,Sudan,SSA,ESA,Lower middle income (LM),3%,1%,8%,0%,17%,Multiple Indicator Cluster Survey,2014
SUR,Suriname,LAC,LAC,Upper middle income (UM),49%,35%,56%,21%,94%,Multiple Indicator Cluster Survey,2018
TJK,Tajikistan,ECA,EECA,Low income (L),23%,19%,37%,5%,44%,Demographic and Health Survey,2017
THA,Thailand,EAP,EAP,Upper middle income (UM),68%,65%,75%,42%,95%,Multiple Indicator Cluster Survey,2562
MKD,North Macedonia,ECA,EECA,Upper middle income (UM),91%,88%,93%,67%,100%,Multiple Indicator Cluster Survey,2018-19
TGO,Togo,SSA,WCA,Low income (L),20%,6%,47%,0%,78%,Multiple Indicator Cluster Survey,2017
TON,Tonga,EAP,EAP,Upper middle income (UM),90%,89%,94%,82%,94%,Multiple Indicator Cluster Survey,2019
TTO,Trinidad and Tobago,LAC,LAC,High income (H),42%,32%,51%,2%,97%,Multiple Indicator Cluster Survey,2011
TUN,Tunisia,MENA,MENA,Lower middle income (LM),36%,20%,44%,11%,82%,Multiple Indicator Cluster Survey,2018
TUR,Turkey,ECA,EECA,Upper middle income (UM),33%,14%,39%,2%,91%,Demographic and Health Survey,2013
TKM,Turkmenistan,ECA,EECA,Upper middle income (UM),44%,35%,56%,32%,74%,Multiple Indicator Cluster Survey,2019
UGA,Uganda,SSA,ESA,Low income (L),0%,0%,1%,0%,1%,LSMS,2015
UKR,Ukraine,ECA,EECA,Lower middle income (LM),73%,,73%,,,STEP Skills Measurement Household Survey 2013 (Wave 1),2013
GBR,United Kingdom,ECA,WE,High income (H),99%,,,,,"UK Data Archive Information for the Study 8298. Statistical Bulletin: Internet Access – Households and Individuals, 2016.",2016
URY,Uruguay,LAC,LAC,High income (H),63%,53%,64%,37%,,Multiple Indicator Cluster Survey,2012-99
UZB,Uzbekistan,ECA,EECA,Lower middle income (LM),19%,16%,26%,0%,69%,UNICEF Nutrition Survey 2017,2017
VNM,Viet Nam,EAP,EAP,Lower middle income (LM),58%,,58%,,,STEP Skills Measurement Household Survey 2012 (Wave 1),2012
ZMB,Zambia,SSA,ESA,Lower middle income (LM),6%,2%,12%,0%,28%,Demographic and Health Survey,2018-19
ZWE,Zimbabwe,SSA,ESA,Lower middle income (LM),25%,16%,48%,4%,60%,Multiple Indicator Cluster Survey,2018-19
